Symbol,BETA,Name,AUM,YIELD,SHARPE,MAX_DD,ANNUAL_VOL,STYLE,AVG_VOLUME_30,DURATION,ER
RLY,0.4872,State Street Multi-Asset Real Return ETF,1211170944.0,0.0299,1.9867,-0.0575,0.1,Multi Alternative,226439.87,1.56,0.5
RINF,0.0864,ProShares Inflation Expectations ETF,18365016.0,0.0374,-0.413,-0.0259,0.04,Multi Alternative,4332.47,4.0,0.3
RYSE,-0.018,Vest 10 Year Interest Rate Hedge ETF,1663736.0,0.0182,-0.1146,-0.0787,0.13,Multi Alternative,314.9,8.27,0.94
HYKE,0.0822,Vest 2 Year Interest Rate Hedge ETF,1237888.0,0.0183,-0.205,-0.0617,0.08,Multi Alternative,3.83,1.96,0.93
AGG,0.0746,iShares Core U.S. Aggregate Bond ETF,136455700480.0,0.0398,0.0919,-0.0276,0.04,Investment Grade Bond,7883253.07,3.82,0.03
BND,0.0712,Vanguard Total Bond Market ETF,394429661184.0,0.0396,0.0588,-0.0268,0.04,Investment Grade Bond,8492696.3,6.0,0.03
VCIT,0.1357,Vanguard Intermediate-Term Corporate Bond ETF,68725825536.0,0.048,0.2924,-0.0296,0.04,Intermediate Term Mid Quality,9038325.33,6.5,0.03
BNDX,0.0474,Vanguard Total International Bond ETF,122032054272.0,0.0447,-0.555,-0.0293,0.03,Investment Grade Bond,5359507.17,6.0,0.07
VCSH,0.0562,Vanguard Short-Term Corporate Bond ETF,50517524480.0,0.0445,0.0169,-0.014,0.02,Short Term High Quality,4226242.93,2.5,0.03
BSV,0.0205,Vanguard Short-Term Bond ETF,70405529600.0,0.04,-0.4853,-0.0129,0.02,Short Term Bond,2791815.4,2.5,0.03
LQD,0.1874,iShares iBoxx $ Investment Grade Corporate Bond ETF,29782712320.0,0.0456,0.2172,-0.0334,0.05,Investment Grade Bond,26070472.03,4.65,0.14
TIP,0.0708,iShares TIPS Bond ETF,15087474688.0,0.0378,-0.1543,-0.0198,0.03,Treasury Bond,2121299.83,1.3,0.18
MBB,0.0882,iShares MBS ETF,38738468864.0,0.0427,0.4121,-0.0294,0.04,Investment Grade Bond,2390086.13,3.68,0.04
MUB,0.0519,iShares National Muni Bond ETF,44944617472.0,0.0316,0.8837,-0.0279,0.03,Investment Grade Bond,3518219.1,4.7,0.05
IGSB,0.0567,iShares 1-5 Year Investment Grade Corporate Bond ETF,22039212032.0,0.0458,0.0263,-0.0146,0.02,Intermediate Term High Quality,3024460.6,4.33,0.04
SCHP,0.0668,Schwab U.S. TIPS ETF,15706115072.0,0.0402,-0.125,-0.0193,0.03,Treasury Bond,4097116.73,1.29,0.03
HYG,0.3322,iShares iBoxx $ High Yield Corporate Bond ETF,16106322944.0,0.059,0.5545,-0.0234,0.04,High Yield Bond,34725076.63,6.65,0.49
EMB,0.3321,iShares J.P. Morgan USD Emerging Markets Bond ETF,14162584576.0,0.0503,1.2729,-0.0451,0.06,Intermediate Term Low Quality,6505538.7,5.68,0.39
SHY,0.0105,iShares 1-3 Year Treasury Bond ETF,25434476544.0,0.0369,-0.8582,-0.0089,0.01,Short Term Government Bond,3295413.2,2.98,0.15
JPST,0.0025,JPMorgan Ultra-Short Income ETF,38402387968.0,0.0426,0.2292,-0.0015,0.01,Ultra Short-Low Risk,6547516.03,4.26,0.18
VTIP,0.0254,Vanguard Short-Term Inflation-Protected Securities ETF,70501023744.0,0.0361,-0.254,-0.0071,0.02,Treasury Bond,2598977.57,6.5,0.03
IUSB,0.0896,iShares Core Total USD Bond Market ETF,39763542016.0,0.0423,0.1824,-0.0253,0.04,Investment Grade Bond,8418743.53,4.09,0.06
GOVT,0.0223,iShares U.S. Treasury Bond ETF,41892425728.0,0.0358,-0.2508,-0.0283,0.04,Intermediate Term Government Bond,9435860.97,3.22,0.05
IEF,0.0362,iShares 7-10 Year Treasury Bond ETF,48318722048.0,0.039,-0.2084,-0.0407,0.05,Intermediate Term Government Bond,7469142.87,4.18,0.15
TLT,0.0695,iShares 20+ Year Treasury Bond ETF,42895949824.0,0.0455,0.0253,-0.0758,0.1,Long Term Government Bond,27012815.63,3.52,0.15
VMBS,0.083,Vanguard Mortgage-Backed Securities ETF,17120536576.0,0.0418,0.4764,-0.0268,0.04,Investment Grade Bond,1339510.0,6.0,0.03
BIV,0.0704,Vanguard Intermediate-Term Bond ETF,52178837504.0,0.0422,-0.0371,-0.0317,0.04,Intermediate Term Bond,1590616.1,6.0,0.03
VTEB,0.0459,Vanguard Tax-Exempt Bond ETF,47633162240.0,0.0335,1.0292,-0.0271,0.03,Investment Grade Bond,7602166.97,6.0,0.03
MINT,0.0069,PIMCO Enhanced Short Maturity Active Exchange-Traded Fund,16230618112.0,0.0428,2.4563,-0.0005,0.0,Ultra Short-Low Risk,1516607.4,4.2,0.36
VGSH,0.0027,Vanguard Short-Term Treasury ETF,33889439744.0,0.0388,-0.7823,-0.0088,0.01,Short Term Government Bond,3756629.07,1.9,0.03
SHV,0.001,iShares Trust iShares 0-1 Year Treasury Bond ETF,20728901632.0,0.0383,-0.7128,-0.0003,0.0,Ultra Short-Low Risk,2464093.7,0.5,0.15
BIL,-0.0002,State Street SPDR Bloomberg 1-3 Month T-Bill ETF,46117830656.0,0.0385,-0.7129,-0.0001,0.0,Money Market,10009389.97,0.17,0.14
IGIB,0.1345,iShares 5-10 Year Investment Grade Corporate Bond ETF,18218496000.0,0.0481,0.326,-0.0301,0.04,Intermediate Term High Quality,2404207.67,5.03,0.04
IEI,0.0192,iShares 3-7 Year Treasury Bond ETF,18490460160.0,0.0365,-0.5226,-0.025,0.03,Intermediate Term Government Bond,1293958.93,3.48,0.15
JNK,0.3334,State Street SPDR Bloomberg High Yield Bond ETF,7700293120.0,0.066,0.7158,-0.0251,0.04,High Yield Bond,3021540.47,7.18,0.4
VGIT,0.0209,Vanguard Intermediate-Term Treasury ETF,49454215168.0,0.0387,-0.3865,-0.0283,0.03,Intermediate Term Government Bond,3521913.97,5.5,0.03
SCHZ,0.0717,Schwab U.S. Aggregate Bond ETF,10299227136.0,0.0412,0.0824,-0.0269,0.04,Investment Grade Bond,2012231.43,3.79,0.03
SCHO,0.0021,Schwab Short-Term U.S. Treasury ETF,13237601280.0,0.0391,-0.6831,-0.0086,0.01,Short Term Government Bond,4170471.93,3.1,0.03
USHY,0.3206,iShares Broad USD High Yield Corporate Bond ETF,26825058304.0,0.0689,0.6902,-0.0243,0.04,High Yield Bond,9933972.2,6.69,0.08
SRLN,0.1552,State Street Blackstone Senior Loan ETF,5281458688.0,0.075,0.4351,-0.0326,0.03,Short Term Low Quality,2105649.43,0.2,0.7
SPSB,0.0325,State Street SPDR Portfolio Short Term Corporate Bond ETF,10212393984.0,0.044,-0.0338,-0.0087,0.01,Short Term High Quality,2698913.77,4.4,0.04
STIP,0.0263,iShares 0-5 Year TIPS Bond ETF,15817490432.0,0.0433,-0.2527,-0.0072,0.02,Treasury Bond,1094737.73,1.13,0.03
CWB,0.6305,State Street SPDR Bloomberg Convertible Securities ETF,6226782720.0,0.0134,2.4145,-0.0752,0.15,Equity,1027256.83,2.05,0.4
BKLN,0.1718,Invesco Senior Loan ETF,7154355712.0,0.0667,-0.0255,-0.0307,0.03,Short Term Low Quality,9228140.73,6.48,0.65
FLOT,0.038,iShares Floating Rate Bond ETF,9512147968.0,0.0453,1.0609,-0.0043,0.01,Short Term Bond,1696632.03,4.4,0.15
HYLB,0.3255,Xtrackers USD High Yield Corporate Bond ETF,3484869632.0,0.0647,0.6248,-0.0227,0.04,High Yield Bond,1178163.23,6.61,0.05
LMBS,0.0165,First Trust Low Duration Opportunities ETF,6273047040.0,0.0409,0.8002,-0.0143,0.02,Ultra Short-Low Risk,464244.43,3.81,0.66
USIG,0.1399,iShares Broad USD Investment Grade Corporate Bond ETF,17378445312.0,0.0474,0.2961,-0.0279,0.04,Investment Grade Bond,1889135.93,4.66,0.04
SPAB,0.0705,State Street SPDR Portfolio Aggregate Bond ETF,9688899584.0,0.0405,0.0842,-0.0274,0.04,Investment Grade Bond,2569749.8,3.91,0.03
SUB,0.0137,iShares Short-Term National Muni Bond ETF,11258277888.0,0.0252,-1.0495,-0.0081,0.01,Short Term Bond,404176.43,4.77,0.07
ISTB,0.0381,iShares Core 1-5 Year USD Bond ETF,4726987776.0,0.0425,-0.2189,-0.0126,0.02,Intermediate Term Bond,625652.3,3.97,0.06
BLV,0.1616,Vanguard Long-Term Bond ETF,8547748864.0,0.0478,0.1965,-0.0573,0.08,Long Term Bond,614652.83,13.0,0.03
SPIB,0.0875,State Street SPDR Portfolio Intermediate Term Corporate Bond ETF,11578160128.0,0.0446,0.1948,-0.0202,0.03,Intermediate Term Mid Quality,7671954.4,4.61,0.04
ICSH,0.0032,iShares Ultra Short Duration Bond Active ETF,7595179008.0,0.0434,0.3456,-0.001,0.0,Ultra Short-Low Risk,1361625.7,4.29,0.08
SHYG,0.258,iShares 0-5 Year High Yield Corporate Bond ETF,7584448512.0,0.07,0.6855,-0.0175,0.03,Short Term High Yield Bond,1352553.77,6.44,0.3
VCLT,0.2662,Vanguard Long-Term Corporate Bond ETF,9216294912.0,0.0553,0.3244,-0.0525,0.08,Long Term High Quality,5500078.93,13.0,0.03
ANGL,0.3268,VanEck Fallen Angel High Yield Bond ETF,3094623744.0,0.0635,0.8001,-0.0405,0.04,High Yield Bond,622554.27,5.61,0.25
FIXD,0.0779,First Trust Smith Opportunistic Fixed Income ETF,3318624512.0,0.0469,0.1552,-0.0321,0.04,Investment Grade Bond,402062.83,5.05,0.65
SHM,0.0148,State Street SPDR Nuveen ICE Short Term Municipal Bond ETF,3454033920.0,0.0266,-0.6773,-0.0113,0.01,Short Term Bond,203089.63,4.85,0.2
FALN,0.3144,iShares Fallen Angels USD Bond ETF,1655630208.0,0.0642,0.8801,-0.0396,0.05,High Yield Bond,1175721.73,5.62,0.25
NEAR,0.0074,iShares Short Duration Bond Active ETF,4583518208.0,0.0444,-0.2203,-0.0113,0.01,Short Term Bond,600102.2,3.88,0.25
SJNK,0.2604,State Street SPDR Bloomberg Short Term High Yield Bond ETF,4769164800.0,0.07,0.643,-0.0173,0.03,Short Term High Yield Bond,2325024.63,6.48,0.4
SPTL,0.0621,State Street SPDR Portfolio Long Term Treasury ETF,10116303872.0,0.0419,0.0406,-0.0704,0.09,Long Term Government Bond,6212100.47,3.53,0.03
FTSM,0.0016,First Trust Enhanced Short Maturity ETF,6423057408.0,0.0415,0.1052,-0.0012,0.0,Ultra Short-Low Risk,737103.0,4.34,0.29
BOND,0.0761,PIMCO Active Bond Exchange-Traded Fund,8039182848.0,0.0518,0.43,-0.0301,0.04,Investment Grade Bond,533605.53,5.23,0.54
TFI,0.0474,State Street SPDR Nuveen ICE Municipal Bond ETF,3118448896.0,0.0348,0.7745,-0.0279,0.03,Investment Grade Bond,452822.43,4.73,0.23
SPMB,0.0811,State Street SPDR Portfolio Mortgage Backed Bond ETF,6955073024.0,0.0408,0.4548,-0.0287,0.04,Investment Grade Bond,1317115.4,3.68,0.04
SCHR,0.0212,Schwab Intermediate-Term U.S. Treasury ETF,13032732672.0,0.0393,-0.3738,-0.0279,0.03,Intermediate Term Government Bond,3352794.63,3.58,0.03
IAGG,0.0504,iShares Core International Aggregate Bond ETF,13476039680.0,0.0364,-0.5108,-0.0232,0.03,Investment Grade Bond,3061837.73,2.67,0.07
HYD,0.099,VanEck High Yield Muni ETF,4295207424.0,0.0425,0.8829,-0.032,0.04,High Yield Bond,695710.1,4.96,0.32
IVOL,-0.05,KraneShares Quadratic Interest Rate Volatility and Inflation Hedge ETF,313852288.0,0.04,-1.6368,-0.1207,0.07,Multi Alternative,155502.87,1.29,0.98
EMLC,0.2454,VanEck J. P. Morgan EM Local Currency Bond ETF,4880482816.0,0.0615,0.7894,-0.062,0.07,Intermediate Term Low Quality,2246203.6,5.85,0.3
SPTS,0.0005,State Street SPDR Portfolio Short Term Treasury ETF,5896885248.0,0.0391,-0.7296,-0.0084,0.01,Short Term Government Bond,1447471.37,3.11,0.03
SPIP,0.0706,State Street SPDR Portfolio TIPS ETF,1020483136.0,0.0479,-0.1078,-0.0204,0.04,Treasury Bond,465731.53,1.29,0.12
TOTL,0.0477,State Street DoubleLine Total Return Tactical ETF,4177129216.0,0.053,-0.0506,-0.0304,0.03,Multi Alternative,434906.9,4.02,0.55
SPTI,0.021,State Street SPDR Portfolio Intermediate Term Treasury ETF,10151989248.0,0.0386,-0.3918,-0.028,0.03,Intermediate Term Government Bond,2408505.17,3.64,0.03
VWOB,0.306,Vanguard Emerging Markets Government Bond ETF,6584204800.0,0.0582,1.2274,-0.0448,0.05,Intermediate Term Low Quality,526600.17,6.5,0.15
GSY,0.0043,Invesco Ultra Short Duration ETF,3504480000.0,0.0435,0.1696,-0.0034,0.01,Ultra Short-Low Risk,530997.0,4.45,0.22
FTSL,0.1168,First Trust Senior Loan Fund,2300497152.0,0.0646,0.1265,-0.0234,0.02,Short Term Low Quality,210818.53,6.52,0.7
VNLA,0.0057,Janus Henderson Short Duration Income ETF,3282954496.0,0.0478,1.0033,-0.0043,0.01,Short Term Bond,393392.93,4.79,0.23
PCY,0.4471,Invesco Emerging Markets Sovereign Debt ETF,1385617536.0,0.0584,1.3389,-0.0591,0.08,Intermediate Term Low Quality,297939.13,6.09,0.5
IGLB,0.2594,iShares 10+ Year Investment Grade Corporate Bond ETF,2637048320.0,0.0524,0.3494,-0.0519,0.08,Long Term High Quality,1182093.1,4.87,0.04
VGLT,0.0595,Vanguard Long-Term Treasury ETF,14807279616.0,0.0458,0.041,-0.0701,0.09,Long Term Government Bond,2138644.9,16.0,0.03
PZA,0.0634,Invesco National AMT-Free Municipal Bond ETF,4143966464.0,0.0363,1.098,-0.0318,0.04,Investment Grade Bond,1119326.3,4.62,0.28
SLQD,0.0465,iShares 0-5 Year Investment Grade Corporate Bond ETF,2347689472.0,0.0432,0.0054,-0.0106,0.02,Intermediate Term High Quality,210638.6,4.1,0.06
GVI,0.0346,iShares Intermediate Government/Credit Bond ETF,3762603520.0,0.0362,-0.3396,-0.0179,0.02,Intermediate Term Government Bond,153365.7,3.8,0.2
BAB,0.0739,Invesco Taxable Municipal Bond ETF,1069345088.0,0.0411,0.33,-0.0415,0.06,Investment Grade Bond,212959.37,4.5,0.28
FLRN,0.0314,State Street SPDR Bloomberg Investment Grade Floating Rate ETF,2919404288.0,0.045,1.1757,-0.0023,0.01,Short Term High Quality,941774.07,4.34,0.15
FMB,0.0332,First Trust Managed Municipal ETF,2033538048.0,0.0349,1.109,-0.0273,0.03,Investment Grade Bond,145214.57,4.79,0.39
HYLS,0.2623,First Trust Tactical High Yield ETF,1646621568.0,0.0669,0.231,-0.0309,0.04,High Yield Bond,125734.37,6.81,0.69
JMST,0.0047,JPMorgan Ultra-Short Municipal Income ETF,6362158592.0,0.0265,-1.8414,-0.0025,0.01,Ultra Short-Low Risk,1135771.87,3.96,0.18
FBND,0.0981,Fidelity Total Bond ETF,26057893888.0,0.047,0.1844,-0.0266,0.04,Investment Grade Bond,2633151.07,4.21,0.36
PULS,0.0025,PGIM Ultra Short Bond ETF,16276620288.0,0.0457,1.3101,-0.0009,0.0,Ultra Short-Low Risk,2643253.57,4.45,0.15
CMF,0.0473,iShares California Muni Bond ETF,4423969792.0,0.0294,0.962,-0.0291,0.03,Investment Grade Bond,497608.7,4.63,0.08
ITM,0.0448,VanEck Intermediate Muni ETF,2183828480.0,0.0292,0.9965,-0.0344,0.03,Intermediate Term Bond,193695.0,4.65,0.18
VUSB,0.0097,Vanguard Ultra-Short Bond ETF,8821285888.0,0.0439,0.511,-0.0037,0.01,Ultra Short-Low Risk,1767984.7,0.4,0.1
HYMB,0.0863,State Street SPDR Nuveen ICE High Yield Municipal Bond ETF,2956567808.0,0.0452,0.8269,-0.0311,0.04,High Yield Bond,893585.77,5.03,0.35
ICVT,0.6165,iShares Convertible Bond ETF,7107658752.0,0.0128,2.6355,-0.0755,0.16,Equity,872464.47,2.11,0.2
HYS,0.2748,PIMCO 0-5 Year High Yield Corporate Bond Index Exchange-Traded Fund,1674853760.0,0.0734,0.7543,-0.0188,0.03,Short Term High Yield Bond,124443.77,6.63,0.56
GBIL,0.0001,ACCESS TREASURY 0-1 YEAR ETF,7601832960.0,0.0374,-0.7331,-0.0002,0.0,Ultra Short-Low Risk,795106.93,3.37,0.12
USFR,-0.0003,WisdomTree Floating Rate Treasury Fund,16985697280.0,0.039,-0.0709,-0.0002,0.0,Ultra Short-Low Risk,4718952.33,3.74,0.15
FLCB,0.0586,Franklin U.S. Core Bond ETF,2915196672.0,0.043,0.0939,-0.0284,0.04,Investment Grade Bond,466007.87,3.85,0.15
EAGG,0.0708,iShares ESG Aware US Aggregate Bond ETF,4779801600.0,0.04,0.0864,-0.0275,0.04,Investment Grade Bond,473082.3,3.81,0.1
JPHY,0.172,JPMorgan Active High Yield ETF,2208305152.0,0.059,0.829,-0.0165,0.03,High Yield Bond,38809.9,6.6,0.45
TLH,0.0604,iShares 10-20 Year Treasury Bond ETF,11364227072.0,0.0446,0.0385,-0.065,0.08,Long Term Government Bond,1612594.47,3.52,0.15
TDTT,0.0341,FlexShares iBoxx 3-Year Target Duration TIPS Index Fund,2583522304.0,0.0459,-0.3485,-0.0097,0.02,Treasury Bond,195678.73,1.57,0.18
PTBD,0.2092,Pacer Trendpilot US Bond ETF,86349352.0,0.0585,-0.1159,-0.0312,0.04,Investment Grade Bond,22048.63,6.74,0.6
HYEM,0.2524,VanEck Emerging Markets High Yield Bond ETF,510681280.0,0.0649,1.3257,-0.0272,0.04,High Yield Bond,208685.4,7.21,0.4
EBND,0.2487,SPDR Bloomberg Emerging Markets Local Bond ETF,2271235584.0,0.058,0.2372,-0.0663,0.07,Intermediate Term Low Quality,320480.0,5.25,0.3
EDV,0.0942,Vanguard Extended Duration Treasury ETF,4279762176.0,0.0491,0.0529,-0.1254,0.14,Long Term Government Bond,1072096.5,16.0,0.05
STPZ,0.0257,PIMCO 1-5 Year US TIPS Index Exchange-Traded Fund,507262528.0,0.0414,-0.3922,-0.0094,0.02,Treasury Bond,90107.47,1.19,0.2
LDUR,0.0097,PIMCO Enhanced Low Duration Active ETF,1359528576.0,0.0434,0.0498,-0.0094,0.02,Ultra Short-Low Risk,46655.23,0.4,0.54
DIAL,0.1972,Columbia Diversified Fixed Income Allocation ETF,416968736.0,0.0505,0.4231,-0.0335,0.04,Investment Grade Bond,72619.33,5.64,0.29
QLTA,0.1452,iShares Aaa - A Rated Corporate Bond ETF,1454901248.0,0.0447,0.1335,-0.0281,0.04,Investment Grade Bond,262171.13,4.43,0.15
IGOV,0.1684,iShares International Treasury Bond ETF,1370959616.0,0.0143,-0.6821,-0.057,0.08,Intermediate Term Government Bond,464118.23,2.5,0.35
UITB,0.0556,VictoryShares Core Intermediate Bond ETF,2641290496.0,0.0419,0.0489,-0.028,0.04,Investment Grade Bond,153710.4,4.27,0.25
AGGY,0.0904,WisdomTree Yield Enhanced U.S. Aggregate Bond Fund,874734912.0,0.0448,0.2054,-0.0281,0.04,Investment Grade Bond,123903.7,4.22,0.12
BNDS,0.2191,Infrastructure Capital Bond Income ETF,69661584.0,0.0793,2.2207,-0.0345,0.04,Investment Grade Bond,29276.8,7.58,0.88
SUSB,0.0519,iShares ESG Aware 1-5 Year USD Corporate Bond ETF,1204537088.0,0.045,-0.0214,-0.0149,0.02,Intermediate Term Mid Quality,566465.13,4.13,0.12
IGHG,0.1627,ProShares Investment Grade-Interest Rate Hedged,309044864.0,0.0512,0.5661,-0.0175,0.03,Investment Grade Bond,32349.37,5.41,0.3
HTRB,0.0746,Hartford Total Return Bond ETF,2236403712.0,0.0462,0.2157,-0.0282,0.04,Investment Grade Bond,302761.77,4.27,0.29
TIPX,0.0481,State Street SPDR Bloomberg 1-10 Year TIPS ETF,1911530368.0,0.0459,-0.1563,-0.0129,0.03,Treasury Bond,341689.27,1.33,0.15
FLCO,0.1494,Franklin Investment Grade Corporate ETF,581303168.0,0.0465,0.1798,-0.0276,0.04,Investment Grade Bond,48135.47,4.61,0.35
GTO,0.0838,Invesco Total Return Bond ETF,2305815040.0,0.0478,0.3085,-0.0273,0.03,Investment Grade Bond,256332.5,4.79,0.35
PHB,0.2665,Invesco Fundamental High Yield® Corporate Bond ETF,377571360.0,,0.3202,-0.0408,0.04,High Yield Bond,64672.73,5.85,0.23
SPLB,0.2581,State Street SPDR Portfolio Long Term Corporate Bond ETF,1254075648.0,0.0535,0.3176,-0.0542,0.08,Long Term High Quality,2707841.37,4.93,0.04
BWX,0.1446,SPDR Bloomberg International Treasury Bond ETF,1480568064.0,0.0239,-0.9881,-0.0616,0.08,Intermediate Term Government Bond,571944.47,2.73,0.35
LTPZ,0.1604,PIMCO 15+ Year US TIPS Index Exchange-Traded Fund,704980544.0,0.0524,-0.0483,-0.07,0.09,Treasury Bond,160881.33,1.07,0.2
HYDW,0.2624,Xtrackers Low Beta High Yield Bond ETF,65607492.0,0.0573,0.4488,-0.0209,0.03,High Yield Bond,3806.37,5.83,0.2
SUSC,0.1491,iShares ESG Aware USD Corporate Bond ETF,1423446016.0,0.0449,0.2293,-0.0288,0.04,Investment Grade Bond,517229.97,4.56,0.18
IBDR,0.0527,iShares iBonds Dec 2026 Term Corporate ETF,3602221056.0,0.0412,0.4512,-0.0008,0.01,Ultra Short-Low Risk,616569.4,3.5,0.1
JMBS,0.082,Janus Henderson Mortgage-Backed Securities ETF,6752482816.0,0.0519,0.5183,-0.0306,0.04,Investment Grade Bond,691301.9,4.58,0.21
CORP,0.1395,PIMCO Investment Grade Corporate Bond Index ETF,1616457984.0,0.0485,0.2705,-0.0288,0.04,Investment Grade Bond,71334.27,4.53,0.41
IGBH,0.2172,iShares Interest Rate Hedged Long-Term Corporate Bond ETF,189428720.0,0.0566,1.3065,-0.0424,0.04,Long Term High Quality,72661.87,13.0,0.14
CMBS,0.0162,iShares CMBS ETF,481898016.0,0.0358,-0.0696,-0.0244,0.04,Investment Grade Bond,43175.47,3.56,0.25
SGOV,-0.0002,iShares 0-3 Month Treasury Bond ETF,91903229952.0,0.0385,-0.3212,-0.0001,0.0,Ultra Short-Low Risk,21414785.03,0.13,0.09
GIGB,0.1568,Goldman Sachs Access Investment Grade Corporate Bond ETF,982178240.0,0.0461,0.2754,-0.0287,0.04,Investment Grade Bond,78778.43,4.57,0.08
AGZ,0.0171,iShares Agency Bond ETF,551168192.0,0.0372,-0.2212,-0.0136,0.03,Intermediate Term Government Bond,10772.6,4.06,0.2
UCON,0.0605,First Trust Smith Unconstrained Bond ETF,3277164544.0,0.0466,0.3609,-0.0245,0.03,Multi Alternative,526589.33,5.37,0.86
FLTR,0.0417,VanEck IG Floating Rate ETF,2753814016.0,0.0473,1.522,-0.0031,0.01,Short Term High Quality,1009935.6,4.53,0.14
TDTF,0.0633,FlexShares iBoxx 5-Year Target Duration TIPS Index Fund,1040176960.0,0.0475,-0.185,-0.016,0.03,Treasury Bond,207242.4,0.85,0.18
LQDH,0.1595,iShares Interest Rate Hedged Corporate Bond ETF,514826784.0,0.0594,1.3378,-0.0234,0.03,Investment Grade Bond,33340.8,6.0,0.24
VTC,0.1449,Vanguard Total Corporate Bond ETF,1750517632.0,0.0493,0.2568,-0.0288,0.04,Investment Grade Bond,87525.3,6.0,0.03
MUNI,0.0442,PIMCO Intermediate Municipal Bond Active Exchange-Traded Fund,3004678656.0,0.0328,0.9174,-0.0229,0.02,Intermediate Term Bond,332622.9,4.44,0.35
SCHJ,0.0529,Schwab 1-5 Year Corporate Bond ETF,795770560.0,0.045,0.0074,-0.0147,0.02,Intermediate Term Mid Quality,239770.97,4.22,0.03
BSCQ,0.0526,Invesco BulletShares 2026 Corporate Bond ETF,3814609920.0,0.0414,-0.1239,-0.0036,0.01,Ultra Short-Low Risk,925153.5,3.51,0.1
HYGV,0.3374,FlexShares High Yield Value-Scored Bond Index Fund,1103925504.0,0.0738,0.6461,-0.0268,0.04,High Yield Bond,104589.43,7.1,0.37
BNDW,0.0591,Vanguard Total World Bond ETF,1882424320.0,0.042,-0.2503,-0.027,0.03,Investment Grade Bond,110333.33,3.35,0.05
PWZ,0.0845,Invesco California AMT-Free Municipal Bond ETF,1128916096.0,0.0358,1.0085,-0.0347,0.04,Investment Grade Bond,233205.43,4.59,0.28
SPHY,0.3113,State Street SPDR Portfolio High Yield Bond ETF,11082396672.0,0.0725,0.7381,-0.0241,0.04,High Yield Bond,4392383.77,6.73,0.05
EUSB,0.0744,iShares ESG Advanced Universal USD Bond ETF,704351296.0,0.0396,0.1116,-0.0248,0.04,Investment Grade Bond,59426.43,3.89,0.12
NYF,0.0357,iShares New York Muni Bond ETF,1323212544.0,0.0308,1.0521,-0.0276,0.03,Investment Grade Bond,150781.0,4.66,0.09
SMMU,0.0115,PIMCO Short Term Municipal Bond Active ETF,1110296192.0,0.0283,-0.3444,-0.0077,0.01,Short Term Bond,117915.13,3.96,0.35
IBDS,0.0701,iShares iBonds Dec 2027 Term Corporate ETF,3781327360.0,0.0432,0.2693,-0.0043,0.01,Ultra Short-Low Risk,613210.5,3.81,0.1
LEMB,0.2137,iShares J.P. Morgan EM Local Currency Bond ETF,732655616.0,0.0239,0.8577,-0.06,0.07,Intermediate Term Low Quality,122794.0,5.99,0.3
CEMB,0.1586,iShares J.P. Morgan EM Corporate Bond ETF,431298464.0,0.0513,0.8321,-0.0288,0.03,Intermediate Term Low Quality,68873.4,5.66,0.5
IG,0.1539,Principal Investment Grade Corporate Active ETF,179916288.0,0.0508,0.2902,-0.0293,0.05,Investment Grade Bond,54508.83,5.21,0.19
MMIN,0.0461,NYLI MacKay Muni Insured ETF,445150240.0,0.0411,1.2275,-0.0287,0.04,Investment Grade Bond,70312.7,4.91,0.3
GNMA,0.0892,iShares GNMA Bond ETF,429159424.0,0.0423,0.3975,-0.026,0.04,Intermediate Term Government Bond,42733.63,3.95,0.1
EMHY,0.348,iShares J.P. Morgan EM High Yield Bond ETF,591461632.0,0.0637,1.5636,-0.0433,0.06,High Yield Bond,79149.13,6.64,0.5
VRIG,0.0126,Invesco Variable Rate Investment Grade ETF,1527257856.0,0.048,0.9365,-0.0032,0.01,Short Term High Quality,336740.77,4.84,0.3
ULST,0.0019,State Street Ultra Short Term Bond ETF,552474496.0,0.0428,-0.3526,-0.0025,0.01,Ultra Short-Low Risk,124124.63,4.29,0.2
FTSD,-0.0009,Franklin Short Duration U.S. Government ETF,287546848.0,0.045,0.1075,-0.0045,0.01,Short Term Government Bond,17144.8,4.39,0.25
WIP,0.2344,SPDR FTSE International Government Inflation-Protected Bond ETF,545452544.0,0.0587,0.2979,-0.0516,0.09,Treasury Bond,160834.23,2.03,0.5
GBF,0.0656,iShares Government/Credit Bond ETF,119388400.0,0.0379,-0.0918,-0.0274,0.04,Intermediate Term Government Bond,5346.37,3.77,0.2
SHYD,0.0488,VanEck Short High Yield Muni ETF,424694656.0,0.0349,0.3611,-0.0217,0.03,Short Term High Yield Bond,114298.13,4.83,0.32
VBND,0.0609,Vident U.S. Bond Strategy ETF,510160704.0,0.0426,0.1718,-0.0282,0.04,Investment Grade Bond,20717.63,5.5,0.41
GOVZ,0.0889,iShares 25+ Year Treasury STRIPS Bond ETF,266612144.0,0.0507,0.0132,-0.1416,0.16,Long Term Government Bond,287449.93,29.0,0.1
FLGV,0.0207,Franklin U.S. Treasury Bond ETF,988177408.0,0.0415,-0.2042,-0.0282,0.04,Intermediate Term Government Bond,126715.6,3.3,0.09
SPBO,0.1508,State Street SPDR Portfolio Corporate Bond ETF,1973160064.0,0.0512,0.3144,-0.0287,0.04,Investment Grade Bond,669817.6,4.93,0.03
ZROZ,0.0934,PIMCO 25+ Year Zero Coupon US Treasury Index Exchange-Traded Fund,1404749440.0,0.0504,0.0173,-0.1402,0.16,Long Term Government Bond,573119.4,29.0,0.15
BSCR,0.0702,Invesco BulletShares 2027 Corporate Bond ETF,4602492416.0,0.0431,-0.0673,-0.0043,0.01,Ultra Short-Low Risk,657855.53,3.76,0.1
TMF,0.2037,Direxion Daily 20+ Year Treasury Bull 3X Shares,2605618432.0,0.0407,-0.0826,-0.2651,0.28,Long Term Government Bond,3785794.87,3.52,0.9
NUAG,0.0931,Nuveen Enhanced Yield U.S. Aggregate Bond ETF,94079784.0,0.045,0.1667,-0.0254,0.04,Investment Grade Bond,10348.13,4.52,0.16
RAVI,0.0041,FlexShares Ultra-Short Income Fund,1398436608.0,0.0438,0.8444,-0.0012,0.0,Ultra Short-Low Risk,71569.8,4.36,0.25
ILTB,0.1875,iShares Core 10+ Year USD Bond ETF,591447168.0,0.0493,0.3122,-0.0541,0.08,Long Term Bond,70806.57,4.3,0.06
FMHI,0.0434,First Trust Municipal High Income ETF,975518656.0,0.0423,1.3531,-0.0235,0.03,High Yield Bond,93411.23,5.0,0.49
SCHI,0.1328,Schwab 5-10 Year Corporate Bond ETF,11449237504.0,0.0505,0.3089,-0.0301,0.04,Intermediate Term Mid Quality,3377667.33,4.95,0.03
SMB,0.0128,VanEck Short Muni ETF,304693376.0,0.027,-0.2276,-0.0117,0.02,Short Term Bond,58172.6,4.68,0.07
GSST,-0.0002,Goldman Sachs Ultra Short Bond ETF,1519983232.0,0.0431,0.893,-0.0015,0.01,Ultra Short-Low Risk,247411.37,4.41,0.16
SKOR,0.0896,FlexShares Credit-Scored US Corporate Bond Index Fund,734112896.0,0.0467,0.1893,-0.0209,0.03,Investment Grade Bond,69185.73,4.68,0.15
JPIB,0.0875,JPMorgan International Bond Opportunities ETF of Benef Interest,2009665664.0,0.05,0.2781,-0.0376,0.04,Investment Grade Bond,203812.57,5.18,0.5
IBDT,0.0828,iShares iBonds Dec 2028 Term Corporate ETF,3896203008.0,0.0455,0.0769,-0.0101,0.02,Short Term High Quality,631881.07,4.25,0.1
FDHY,0.2998,Fidelity Enhanced High Yield ETF,521947392.0,0.065,1.0858,-0.0212,0.04,High Yield Bond,77671.27,6.9,0.35
MEAR,0.0078,iShares Short Maturity Municipal Bond Active ETF,1378583296.0,0.0283,-0.9765,-0.0047,0.01,Ultra Short-Low Risk,163112.2,3.71,0.26
FLTB,0.0329,Fidelity Limited Term Bond ETF,401247840.0,0.0436,0.0419,-0.0152,0.02,Short Term Bond,56819.47,4.65,0.25
FCOR,0.1406,Fidelity Corporate Bond ETF,342265920.0,0.0455,0.163,-0.0306,0.04,Investment Grade Bond,40580.97,4.93,0.36
FCVT,0.6508,First Trust SSI Strategic Convertible Securities ETF,122332096.0,0.0117,2.6888,-0.0847,0.17,Equity,21335.27,1.99,0.95
DEED,0.0458,First Trust Securitized Plus ETF,66069524.0,0.0426,0.4944,-0.0318,0.04,Investment Grade Bond,9678.87,4.65,0.66
USTB,0.0281,VictoryShares Short-Term Bond ETF,2165647872.0,0.0457,0.2427,-0.0084,0.01,Short Term Bond,210570.47,4.84,0.34
FEMB,0.229,First Trust Emerging Markets Local Currency Bond ETF,353257760.0,0.0604,0.8393,-0.0758,0.09,Intermediate Term Low Quality,68773.67,6.99,0.85
NUBD,0.0666,Nuveen ESG U.S. Aggregate Bond ETF,450755040.0,0.0399,-0.0166,-0.0276,0.04,Investment Grade Bond,67547.33,3.92,0.12
HCRB,0.0714,Hartford Core Bond ETF,365589728.0,0.0418,0.1179,-0.0282,0.04,Investment Grade Bond,39443.5,4.12,0.29
JAAA,0.0167, Janus Henderson AAA CLO ETF,27344457728.0,0.0499,1.2336,-0.0039,0.01,Ultra Short-Low Risk,5163324.8,4.99,0.2
VCEB,0.1448,Vanguard ESG U.S. Corporate Bond ETF,1234070784.0,0.0432,0.0792,-0.0282,0.04,Investment Grade Bond,64118.17,6.0,0.12
TFLO,-0.0014,iShares Treasury Floating Rate Bond ETF,6601507328.0,0.0389,0.0212,-0.0002,0.0,Ultra Short-Low Risk,1437315.97,3.78,0.15
BGRN,0.0921,iShares Trust iShares USD Green Bond ETF,477027456.0,0.0428,0.1739,-0.0223,0.03,Investment Grade Bond,35675.73,3.97,0.2
MLN,0.0735,VanEck Long Muni ETF,709967552.0,0.037,1.0941,-0.0253,0.04,Long Term Bond,264929.63,4.74,0.24
MMIT,0.0307,NYLI MacKay Muni Intermediate ETF,1453633664.0,0.0357,0.8426,-0.0259,0.03,Intermediate Term Bond,481523.3,4.61,0.3
GCOR,0.0686,Goldman Sachs Access U.S. Aggregate Bond ETF,821812736.0,0.0416,0.0771,-0.0282,0.04,Investment Grade Bond,87384.03,3.61,0.08
IBD,0.0713,Inspire Corporate Bond ETF,466715264.0,0.0426,-0.0955,-0.0215,0.04,Investment Grade Bond,56421.9,3.71,0.41
PGHY,0.1549,Invesco Global ex-US High Yield Corporate Bond ETF,215272224.0,0.0714,0.5013,-0.0304,0.05,High Yield Bond,50123.53,7.02,0.35
FLDR,0.008,Fidelity Low Duration Bond Factor ETF,1615700480.0,0.0442,0.7341,-0.0047,0.01,Ultra Short-Low Risk,380004.17,0.4,0.15
BSCS,0.088,Invesco BulletShares 2028 Corporate Bond ETF,3479137536.0,0.0448,-0.1627,-0.011,0.02,Short Term High Quality,508700.37,4.2,0.1
AGZD,0.0228,WisdomTree Interest Rate Hedged U.S. Aggregate Bond Fund,99533048.0,0.0398,0.5844,-0.0075,0.03,Investment Grade Bond,63904.27,3.9,0.23
TIPZ,0.0643,PIMCO Broad U.S. TIPS Index ETF,92012128.0,0.0514,-0.0759,-0.0218,0.04,Treasury Bond,14604.87,1.23,0.2
HMOP,0.0358,Hartford Municipal Opportunities ETF,764941760.0,0.0345,0.7614,-0.027,0.03,Investment Grade Bond,71858.4,4.76,0.29
FLIA,0.0453,Franklin International Aggregate Bond ETF,749883072.0,0.0268,-0.4694,-0.0204,0.03,Investment Grade Bond,101712.37,2.3,0.25
XMPT,0.2161,VanEck CEF Muni Income ETF,214411232.0,0.0579,1.1875,-0.0657,0.07,Investment Grade Bond,36863.17,6.0,1.97
BWZ,0.1058,SPDR Bloomberg Short Term International Treasury Bond ETF,311691968.0,0.0212,-0.7771,-0.0515,0.07,Short Term Government Bond,38954.77,2.39,0.35
LDSF,0.0629,First Trust Low Duration Strategic Focus ETF,162067584.0,0.0464,0.2547,-0.0174,0.02,Multi Alternative,22955.37,4.0,0.77
GHYB,0.3291,Goldman Sachs Access High Yield Corporate Bond ETF,130420488.0,0.0678,0.7297,-0.0267,0.04,High Yield Bond,13025.73,6.47,0.15
BKAG,0.0669,BNY Mellon Core Bond ETF,2127278464.0,0.0424,0.074,-0.0276,0.04,Investment Grade Bond,136378.97,3.76,0.0
GHYG,0.3113,iShares US & Intl High Yield Corp Bond ETF,200495472.0,0.0624,0.2198,-0.0384,0.05,High Yield Bond,12914.03,6.28,0.4
STOT,0.0103,State Street DoubleLine Short Duration Total Return Tactical ETF,461212128.0,0.0441,-0.0748,-0.0076,0.01,Multi Alternative,76436.83,3.99,0.45
HYZD,0.2593,WisdomTree Interest Rate Hedged High Yield Bond Fund,236832176.0,0.0585,1.1625,-0.0191,0.03,High Yield Bond,61688.37,6.08,0.43
TAXF,0.0412,American Century Diversified Municipal Bond ETF,659461760.0,0.0376,1.1589,-0.0293,0.03,Investment Grade Bond,45189.93,4.83,0.27
EMHC,0.298,State Street SPDR Bloomberg Emerging Markets USD Bond ETF,263560816.0,0.0608,1.3317,-0.0437,0.06,Intermediate Term Low Quality,40080.93,5.54,0.23
OPER,-0.0003,ClearShares Ultra-Short Maturity ETF,117555648.0,0.0408,0.1428,-0.0007,0.0,Ultra Short-Low Risk,11164.43,0.4,0.2
FUMB,0.0035,First Trust Ultra Short Duration Municipal ETF,230566704.0,0.0279,-1.5764,-0.0022,0.01,Ultra Short-Low Risk,91183.8,4.43,0.29
EMNT,0.0039,PIMCO Enhanced Short Maturity Active ESG Exchange-Traded Fund,211837632.0,0.04,0.4778,-0.0013,0.0,Ultra Short-Low Risk,8985.2,4.0,0.24
FSMB,0.0096,First Trust Short Duration Managed Municipal ETF,611230208.0,0.0314,-0.1256,-0.0129,0.01,Short Term Bond,120454.63,4.3,0.34
JCPB,0.0704,JPMorgan Core Plus Bond ETF,12442044416.0,0.0492,0.3437,-0.0271,0.04,Investment Grade Bond,2472881.63,4.76,0.38
HYDB,0.3108,iShares High Yield Systematic Bond ETF,1626582528.0,0.0698,0.6642,-0.0283,0.04,High Yield Bond,189582.83,6.85,0.35
SHAG,0.0301,WisdomTree Yield Enhanced U.S. Short-Term Aggregate Bond Fund,42730496.0,0.0428,-0.3353,-0.0138,0.02,Short Term High Quality,3879.17,3.92,0.12
FLHY,0.3025,Franklin High Yield Corporate ETF,1164373632.0,0.0645,0.858,-0.0243,0.04,High Yield Bond,218944.87,7.12,0.4
IGEB,0.1403,iShares Investment Grade Systematic Bond ETF,1363297536.0,0.0506,0.2669,-0.0288,0.04,Investment Grade Bond,149121.97,5.21,0.18
IBND,0.1974,SPDR Bloomberg International Corporate Bond ETF,470312160.0,0.0276,-0.3791,-0.0675,0.08,Investment Grade Bond,83395.6,3.0,0.5
GTIP,0.0636,Goldman Sachs Access Inflation Protected USD Bond ETF,276412608.0,0.0472,-0.1354,-0.0202,0.03,Treasury Bond,48150.2,1.12,0.12
JSCP,0.0401,JPMorgan Short Duration Core Plus ETF,1471904640.0,0.0449,-0.0183,-0.0127,0.02,Short Term High Quality,217873.17,4.87,0.33
RVNU,0.0667,Xtrackers Municipal Infrastructure Revenue Bond ETF,138417840.0,0.035,1.036,-0.0246,0.05,Investment Grade Bond,28663.83,4.89,0.15
KORP,0.1174,American Century Diversified Corporate Bond ETF,815961344.0,0.051,0.3588,-0.0323,0.04,Investment Grade Bond,104943.67,5.51,0.29
BYLD,0.1529,iShares Yield Optimized Bond ETF,450065984.0,0.0535,0.5961,-0.0271,0.04,Multi Alternative,164023.87,4.0,0.13
IBDU,0.0982,iShares iBonds Dec 2029 Term Corporate ETF,3800691712.0,0.0466,0.0868,-0.0158,0.02,Short Term High Quality,793771.37,4.34,0.1
OVB,0.1787,Overlay Shares Core Bond ETF,46860424.0,0.0699,0.6949,-0.0249,0.06,Investment Grade Bond,14232.47,3.8,0.79
RIGS,0.1052,RiverFront Strategic Income Fund,63565848.0,0.0485,0.0268,-0.0456,0.1,Multi Alternative,8187.43,5.51,0.45
HYHG,0.3034,ProShares High Yield-Interest Rate Hedged ETF,173535856.0,0.0673,0.7505,-0.0202,0.06,High Yield Bond,13670.43,7.27,0.5
HYGH,0.3115,iShares Interest Rate Hedged High Yield Bond ETF,529122368.0,0.0659,1.0716,-0.0162,0.04,High Yield Bond,49932.83,3.5,0.52
IBDV,0.1134,iShares iBonds Dec 2030 Term Corporate ETF,3118485248.0,0.046,0.025,-0.0207,0.03,Intermediate Term Mid Quality,633309.17,3.88,0.1
BSJQ,0.2376,Invesco BulletShares 2026 High Yield Corp Bond ETF,1041619456.0,0.0585,-0.1573,-0.0071,0.01,Short Term High Yield Bond,314968.27,7.93,0.43
AFIF,0.0633,Anfield Universal Fixed Income ETF,226683568.0,0.0373,0.4135,-0.0163,0.03,Investment Grade Bond,73472.57,5.53,1.08
EMBD,0.2451,Global X Emerging Markets Bond ETF,256406144.0,0.0566,1.0201,-0.0423,0.06,Intermediate Term Low Quality,16699.1,5.63,0.39
IMTB,0.0881,iShares Core 5-10 Year USD Bond ETF,279732288.0,0.0452,0.2986,-0.0286,0.04,Intermediate Term Bond,31180.03,4.2,0.06
BNDC,0.0712,FlexShares Core Select Bond Fund Core Select Bond Fund,169760384.0,0.0415,-0.0186,-0.0287,0.04,Investment Grade Bond,11843.5,3.77,0.35
PICB,0.2376,Invesco International Corporate Bond ETF,355841088.0,0.034,-0.4429,-0.064,0.08,Investment Grade Bond,97473.83,3.65,0.5
IBMO,0.0173,iShares iBonds Dec 2026 Term Muni Bond ETF,587419392.0,0.0239,-1.2451,-0.0038,0.01,Ultra Short-Low Risk,65474.37,3.64,0.18
HYXF,0.3131,iShares ESG Advanced High Yield Corporate Bond ETF,205580640.0,0.0608,0.3713,-0.0257,0.04,High Yield Bond,17915.13,6.16,0.35
FLMB,0.0383,Franklin Municipal Green Bond ETF,82666680.0,0.0374,1.29,-0.0325,0.04,Investment Grade Bond,15144.53,4.58,0.3
ELD,0.2368,WisdomTree Emerging Markets Local Debt Fund,134961552.0,0.0582,0.7566,-0.0715,0.09,Intermediate Term Low Quality,39101.83,6.34,0.55
BSCT,0.0979,Invesco BulletShares 2029 Corporate Bond ETF,2812126464.0,0.046,-0.1138,-0.0162,0.02,Short Term High Quality,576372.0,4.36,0.1
PZT,0.0767,Invesco New York AMT-Free Municipal Bond ETF,134602880.0,0.0359,0.9262,-0.0317,0.05,Investment Grade Bond,26905.47,4.49,0.28
RFCI,0.0919,RiverFront Dynamic Core Income ETF,15650385.0,0.0455,-0.0291,-0.0265,0.04,Multi Alternative,1295.4,5.28,0.51
CBON,0.0536,VanEck China Bond ETF,23842196.0,0.0153,1.3397,-0.0134,0.03,Intermediate Term Low Quality,9268.43,2.58,0.5
FCAL,0.0246,First Trust California Municipal High Income ETF,219880816.0,0.0332,1.1678,-0.0257,0.03,High Yield Bond,20711.7,4.78,0.49
HTAB,0.0575,Hartford Schroders Tax-Aware Bond ETF,302169088.0,0.0383,0.6805,-0.0285,0.04,Investment Grade Bond,57875.7,4.66,0.39
MBSD,0.0484,FlexShares Disciplined Duration MBS Index Fund,93908472.0,0.0419,0.1651,-0.0217,0.04,Investment Grade Bond,14294.77,4.1,0.2
IHY,0.2713,VanEck International High Yield Bond ETF,43829952.0,0.057,0.232,-0.0475,0.05,High Yield Bond,12439.6,6.11,0.4
JPIE,0.0896,JPMorgan Income ETF,9095104512.0,0.0562,0.8541,-0.0115,0.02,Investment Grade Bond,1548508.47,5.77,0.39
IIGD,0.0607,Invesco Investment Grade Defensive ETF,30636492.0,0.0429,-0.3834,-0.0167,0.02,Investment Grade Bond,10077.3,3.7,0.13
NUHY,0.3058,Nuveen ESG High Yield Corporate Bond ETF,108274640.0,0.0661,0.5971,-0.0286,0.04,High Yield Bond,12326.23,6.81,0.3
FISR,0.0736,State Street Fixed Income Sector Rotation ETF,482534016.0,0.0418,0.0281,-0.0306,0.04,Investment Grade Bond,246710.17,4.16,0.5
OWNS,0.0726,CCM Affordable Housing MBS ETF,104238336.0,0.0429,0.4709,-0.0303,0.04,Investment Grade Bond,14670.43,4.01,0.3
UCRD,0.1207, VictoryShares Corporate Bond ETF,151223696.0,0.0421,0.2968,-0.029,0.04,Investment Grade Bond,141.1,4.4,0.4
MUSI,0.1213,American Century Multisector Income ETF,220960416.0,0.0553,0.3969,-0.0278,0.03,Multi Alternative,21611.27,5.46,0.38
JMUB,0.0332,JPMorgan Municipal ETF,7760870400.0,0.0359,0.7237,-0.0255,0.02,Investment Grade Bond,902253.83,4.72,0.18
GRNB,0.1007,VanEck Green Bond ETF,180679808.0,0.0423,0.0932,-0.0251,0.03,Investment Grade Bond,26109.1,4.33,0.2
EMTL,0.1308,State Street DoubleLine Emerging Markets Fixed Income ETF,89980192.0,0.0495,0.3006,-0.02,0.02,Intermediate Term Low Quality,25018.73,5.27,0.65
HYBB,0.2986,iShares BB Rated Corporate Bond ETF,423309216.0,0.0586,0.6441,-0.0248,0.03,High Yield Bond,38899.53,6.07,0.25
AVIG,0.0908,Avantis Core Fixed Income ETF,1867967872.0,0.0437,0.1278,-0.0282,0.04,Investment Grade Bond,313097.17,4.48,0.15
SCHQ,0.0598,Schwab Long-Term U.S. Treasury ETF,787615744.0,0.0475,0.042,-0.0701,0.09,Long Term Government Bond,732702.47,3.5,0.03
SHYL,0.2578,Xtrackers Short Duration High Yield Bond ETF,265136192.0,0.0692,0.5107,-0.0159,0.03,Short Term High Yield Bond,24767.87,6.34,0.2
FFIU,0.0867,UVA Unconstrained Medium-Term Fixed Income ETF,53689576.0,0.0399,0.1222,-0.0479,0.08,Intermediate Term Mid Quality,1371.57,4.34,0.54
LQDI,0.1955,iShares Inflation Hedged Corporate Bond ETF,70475568.0,0.046,0.3765,-0.0288,0.05,Investment Grade Bond,7951.53,6.0,0.18
LQDB,0.1481,iShares BBB Rated Corporate Bond ETF,56284712.0,0.0468,0.4055,-0.0267,0.04,Intermediate Term Mid Quality,7510.0,4.58,0.15
IBMQ,0.0351,iShares iBonds Dec 2028 Term Muni Bond ETF,644153280.0,0.0245,-0.6058,-0.0113,0.01,Short Term Bond,75875.9,4.88,0.18
ISHG,0.1287,iShares 1-3 Year International Treasury Bond ETF,906860544.0,0.0147,-0.5478,-0.0502,0.07,Short Term Government Bond,52801.9,2.14,0.35
JPMB,0.3029,JPMorgan USD Emerging Markets Sovereign Bond ETF,64207456.0,0.0577,1.2811,-0.0461,0.05,Intermediate Term Low Quality,7208.43,5.97,0.39
DYLD,0.0892,LeaderShares Dynamic Yield ETF,40459112.0,0.0406,-0.2088,-0.0132,0.02,Multi Alternative,2725.2,4.98,0.75
RDFI,0.2618,Rareview Dynamic Fixed Income ETF,79870456.0,0.083,0.6236,-0.0801,0.07,Investment Grade Bond,12178.33,6.21,4.23
PHYL,0.2297,PGIM Active High Yield Bond ETF,1301239424.0,0.0699,0.8069,-0.0266,0.03,High Yield Bond,120633.13,6.65,0.39
IBMP,0.0216,iShares iBonds Dec 2027 Term Muni Bond ETF,643247104.0,0.0249,-1.0841,-0.006,0.01,Ultra Short-Low Risk,89715.5,4.91,0.18
LKOR,0.2768,FlexShares Credit-Scored US Long Corporate Bond Index Fund,33638480.0,0.0569,0.3154,-0.054,0.08,Long Term High Quality,4119.97,4.91,0.15
EMCB,0.1477,WisdomTree Emerging Markets Corporate Bond Fund,99356744.0,0.0534,0.7158,-0.0307,0.04,Intermediate Term Low Quality,5801.1,6.04,0.61
FLMI,0.0298,Franklin Dynamic Municipal Bond ETF,2098840064.0,0.0387,1.3708,-0.029,0.03,Investment Grade Bond,813780.73,4.79,0.3
FLBL,0.1249,Franklin Senior Loan ETF Franklin Liberty Senior Loan Fund,853201856.0,0.0758,-0.6346,-0.0318,0.03,Short Term Low Quality,145760.1,0.2,0.45
ARCM,-0.0014,Arrow Reserve Capital Management ETF,51046840.0,0.0373,-0.6281,-0.0012,0.0,Ultra Short-Low Risk,313.33,3.78,0.5
PBTP,0.0256, Invesco 0-5 Yr US TIPS ETF,68104136.0,0.0321,-0.957,-0.0329,0.03,Treasury Bond,56683.73,1.17,0.07
SEIX,0.0635,Virtus Seix Senior Loan ETF,254416928.0,0.0664,0.8079,-0.0113,0.02,Short Term Low Quality,75029.13,7.25,0.57
PVI,0.0058,Invesco Floating Rate Municipal Income ETF,29784340.0,0.0215,-0.7532,-0.0099,0.03,Short Term Low Quality,11270.0,1.97,0.25
UBT,0.1179,ProShares Ultra 20+ Year Treasury,63955592.0,0.0393,-0.0116,-0.1683,0.19,Long Term Government Bond,53091.23,15.86,0.95
FEIG,0.1519,FlexShares ESG & Climate Investment Grade Corporate Core Index Fund,45069188.0,0.0475,0.187,-0.0281,0.04,Investment Grade Bond,7695.77,4.51,0.12
PFIG,0.0853,Invesco Fundamental Investment Grade Corporate Bond ETF,115056696.0,0.0441,-0.1049,-0.0194,0.03,Investment Grade Bond,15723.3,3.97,0.22
BKHY,0.3035,BNY Mellon High Yield ETF,152513168.0,0.0745,0.7841,-0.0253,0.04,High Yield Bond,14555.9,6.79,0.22
OVT,0.1685,Overlay Shares Short Term Bond ETF,60979324.0,0.0821,0.9855,-0.0155,0.04,Short Term Bond,11804.67,4.24,0.79
PIFI,0.0281,ClearShares Piton Intermediate Fixed income ETF,101279424.0,0.0375,-0.2526,-0.0193,0.03,Intermediate Term Mid Quality,2626.67,3.89,0.45
BSJR,0.2808,Invesco BulletShares 2027 High Yield Corporate Bond ETF,848959680.0,0.0575,0.0123,-0.0117,0.02,Short Term High Yield Bond,143378.8,6.7,0.42
MBND,0.0288,State Street Nuveen Municipal Bond ETF,27418192.0,0.0349,0.2493,-0.0244,0.03,Investment Grade Bond,5853.63,4.55,0.4
XOVR,1.3114,ERShares Private-Public Crossover ETF,2023364608.0,0.0,0.3211,-0.2432,0.22,Equity,8737633.6,,0.75
THY,0.1185,Toews Agility Shares Dynamic Tactical Income ETF,85494776.0,0.0544,-0.1044,-0.016,0.03,Multi Alternative,15409.0,6.45,1.03
OBND,0.1407,State Street Loomis Sayles Opportunistic Bond ETF,58138060.0,0.0627,0.5318,-0.0288,0.03,Multi Alternative,5946.2,6.43,0.55
NUSA,0.0306,Nuveen ESG 1-5 Year U.S. Aggregate Bond ETF,33636984.0,0.0386,-0.475,-0.0128,0.02,Investment Grade Bond,5819.67,3.92,0.14
AVSF,0.038,Avantis Short-Term Fixed Income ETF,667714816.0,0.0437,-0.2359,-0.0142,0.02,Short Term High Quality,49864.2,4.07,0.15
MINO,0.0522,PIMCO Municipal Income Opportunities Active Exchange-Traded Fund,669039680.0,0.0388,1.3387,-0.0241,0.03,Investment Grade Bond,111082.0,4.58,0.39
IHYF,0.2325,Invesco High Yield Bond Factor ETF,150834800.0,,0.7207,-0.0295,0.04,High Yield Bond,18149.77,6.62,0.39
MTGP,0.0281,WisdomTree Mortgage Plus Bond Fund,66080096.0,0.0431,0.2615,-0.0253,0.05,Investment Grade Bond,6505.73,4.24,0.46
SPSK,0.0535,SP Funds Dow Jones Global Sukuk ETF,530824416.0,0.0424,-0.1465,-0.0285,0.04,Investment Grade Bond,423518.87,4.71,0.5
TAGG,0.0585,T. Rowe Price QM U.S. Bond ETF,1908690048.0,0.0457,0.1844,-0.0319,0.04,Investment Grade Bond,113066.47,4.1,0.08
HOLD,0.7452,Harbor Alpha Layering ETF,,0.0674,1.2305,-0.0947,0.15,Unknown,570.0,,
FLRT,0.0525,Pacer Aristotle Pacific Floating Rate High Income ETF,615165568.0,0.068,1.0421,-0.0178,0.02,Short Term Low Quality,102735.23,7.04,0.6
SIHY,0.3079,Harbor Scientific Alpha High-Yield ETF,140797904.0,0.072,0.9444,-0.0317,0.04,High Yield Bond,23344.8,6.64,0.48
SIFI,0.162,Harbor Scientific Alpha Income ETF,32763564.0,0.0644,0.9335,-0.0272,0.03,Investment Grade Bond,236.67,4.77,0.5
LGOV,0.0344,First Trust Long Duration Opportunities ETF,664250816.0,0.0429,0.1007,-0.0561,0.07,Long Term Bond,196272.43,3.17,0.49
IBTH,0.0106,iShares iBonds Dec 2027 Term Treasury ETF,2188717824.0,0.0383,-0.4401,-0.0038,0.01,Ultra Short-Low Risk,442771.67,3.12,0.07
UJB,0.6383,ProShares Ultra High Yield,8680261.0,0.0334,0.5232,-0.0502,0.07,High Yield Bond,15764.17,3.5,0.95
BKUI,0.0031,BNY Mellon Ultra Short Income ETF,572892608.0,0.0421,0.2207,-0.0013,0.0,Ultra Short-Low Risk,40658.4,4.01,0.12
BSCU,0.1231,Invesco BulletShares 2030 Corporate Bond ETF,2537815296.0,0.0464,-0.0758,-0.0208,0.03,Intermediate Term Mid Quality,687762.07,3.83,0.1
AVMU,0.0375,Avantis Core Municipal Fixed Income ETF,161964256.0,0.0348,1.2815,-0.0332,0.03,Investment Grade Bond,12608.77,4.44,0.15
PAB,0.0637,PGIM Active Aggregate Bond ETF,71826368.0,0.0456,0.1629,-0.0286,0.04,Investment Grade Bond,42606.63,3.82,0.19
BSMQ,0.0262,Invesco BulletShares 2026 Municipal Bond ETF,294702816.0,0.0277,-0.9519,-0.0033,0.01,Ultra Short-Low Risk,67046.43,4.54,0.18
INMU,0.0376,iShares Intermediate Muni Income Active ETF,489198208.0,0.0335,1.311,-0.0258,0.02,Intermediate Term Bond,195330.6,4.95,0.3
GSIG,0.0443,Goldman Sachs Access Investment Grade Corporate 1-5 Year Bond ETF,9470279.0,0.0434,0.2089,-0.0134,0.02,Intermediate Term High Quality,1714.9,3.65,0.08
KHYB,0.1072,KraneShares Asia Pacific High Income USD Bond ETF,15689404.0,0.0812,1.6738,-0.0397,0.03,Investment Grade Bond,3965.8,7.34,0.69
TYD,0.0935,Direxion Daily 7-10 Year Treasury Bull 3x Shares,34807408.0,0.0323,-0.3979,-0.1356,0.14,Intermediate Term Government Bond,23544.83,4.18,1.07
TBUX,0.0057,T. Rowe Price Ultra Short-Term Bond ETF,1142367872.0,0.0448,0.919,-0.001,0.01,Ultra Short-Low Risk,185151.7,4.47,0.17
HYUP,0.3669,Xtrackers High Beta High Yield Bond ETF,43938492.0,0.0731,0.6349,-0.0305,0.04,High Yield Bond,5348.43,7.29,0.2
NFLT,0.094,Virtus Newfleet Multi-Sector Bond ETF,426192288.0,0.0503,0.6628,-0.0242,0.04,Multi Alternative,103421.67,5.8,0.5
TOTR,0.0684,T. Rowe Price Total Return ETF,561840000.0,0.0531,0.1158,-0.0256,0.04,Multi Alternative,5659.77,4.37,0.31
RTAI,0.2107,Rareview Tax Advantaged Income ETF,18090546.0,0.05,1.1334,-0.0619,0.07,Investment Grade Bond,1093.37,5.18,4.59
JHCB,0.1342,John Hancock Corporate Bond ETF,107278376.0,0.0494,0.1983,-0.0316,0.04,Investment Grade Bond,15261.5,5.02,0.29
IBHF,0.2136,iShares iBonds 2026 Term High Yield and Income ETF,924213696.0,0.0653,0.1185,-0.0075,0.02,Short Term High Yield Bond,448244.4,3.96,0.35
UST,0.0463,ProShares Ultra 7-10 Year Treasury,15524252.0,0.0349,-0.2165,-0.0875,0.09,Intermediate Term Government Bond,6096.03,7.37,0.95
JHMB,0.0234,John Hancock Mortgage-Backed Securities ETF,200028416.0,0.0472,0.4826,-0.0301,0.04,Investment Grade Bond,45200.53,4.33,0.39
IBTI,0.0124,iShares iBonds Dec 2028 Term Treasury ETF,1711458304.0,0.0381,-0.6201,-0.011,0.02,Short Term Government Bond,386549.7,3.02,0.07
BSMS,0.0298,Invesco BulletShares 2028 Municipal Bond ETF,303719136.0,0.0277,-0.1396,-0.0105,0.02,Short Term Bond,58829.33,4.92,0.18
BSMR,0.0238,Invesco BulletShares 2027 Municipal Bond ETF,339521216.0,0.0272,-0.2439,-0.0057,0.01,Ultra Short-Low Risk,60224.07,4.87,0.18
IBTJ,0.0159,iShares iBonds Dec 2029 Term Treasury ETF,1244032640.0,0.0381,-0.5278,-0.0162,0.02,Short Term Government Bond,247152.03,3.47,0.07
JHMU,0.0153,John Hancock Dynamic Municipal Bond ETF,43196676.0,0.0371,1.0978,-0.0277,0.03,Investment Grade Bond,4015.4,4.84,0.39
ADFI,0.1208,Anfield Dynamic Fixed Income ETF,50836616.0,0.0324,-0.1238,-0.0248,0.05,Investment Grade Bond,15106.23,4.4,1.68
IBTG,0.0106,iShares iBonds Dec 2026 Term Treasury ETF,2297927680.0,0.0394,-0.0747,-0.0007,0.01,Ultra Short-Low Risk,400074.33,2.94,0.07
IBDW,0.1264,iShares iBonds Dec 2031 Term Corporate ETF,2389035520.0,0.048,0.1408,-0.0242,0.03,Intermediate Term Mid Quality,565717.3,3.75,0.1
VABS,0.0,Virtus Newfleet ABS/MBS ETF,80990248.0,0.0475,-0.2105,-0.0098,0.02,Investment Grade Bond,47691.53,5.51,0.39
BSMT,0.0382,Invesco BulletShares 2029 Municipal Bond ETF,271308288.0,0.0274,0.3406,-0.016,0.02,Short Term Bond,58112.07,4.9,0.18
BSJS,0.3036,Invesco BulletShares 2028 High Yield Corporate Bond ETF,693333696.0,0.0629,0.3966,-0.0164,0.03,Short Term High Yield Bond,121756.73,6.08,0.42
FMNY,0.0365,First Trust New York Municipal High Income ETF,38744960.0,0.0368,1.0383,-0.0283,0.03,High Yield Bond,6276.1,4.76,0.49
MIG,0.1382,VanEck Moody's Analytics IG Corporate Bond ETF,19259798.0,0.0475,0.3171,-0.0283,0.04,Investment Grade Bond,1733.33,4.29,0.2
SSFI,0.0935,Day Hagan / Ned Davis Research Smart Sector Fixed Income ETF,28518100.0,0.0336,-0.0338,-0.0264,0.04,Investment Grade Bond,11508.6,4.6,0.76
IBHG,0.2435,iShares iBonds 2027 Term High Yield and Income ETF,437711072.0,0.0606,0.2202,-0.0073,0.02,Short Term High Yield Bond,214626.57,5.52,0.35
OVM,0.1671,Overlay Shares Municipal Bond ETF,38036096.0,0.0613,1.58,-0.0244,0.04,Investment Grade Bond,17509.0,4.7,0.81
BSMU,0.0403,Invesco BulletShares 2030 Municipal Bond ETF,257519664.0,0.0281,0.332,-0.0206,0.02,Intermediate Term Bond,42269.33,4.86,0.18
FIGB,0.056,Fidelity Investment Grade Bond ETF,498595136.0,0.0411,-0.0022,-0.0293,0.04,Investment Grade Bond,69391.93,4.19,0.36
AAA,0.006,Alternative Access First Priority CLO Bond ETF,39940460.0,0.0489,0.4757,-0.006,0.02,Short Term Low Quality,14425.07,5.01,0.25
BILS,0.0001,State Street SPDR Bloomberg 3-12 Month T-Bill ETF,3887791872.0,0.0381,-0.5672,-0.0003,0.0,Money Market,337920.17,0.63,0.14
MBBB,0.1461,VanEck Moody's Analytics BBB Corporate Bond ETF,5371170.0,0.0507,0.1498,-0.0298,0.04,Intermediate Term Mid Quality,1705.27,4.47,0.25
LDRI,-0.0085,iShares iBonds 1-5 Year TIPS Ladder ETF,19474800.0,0.0354,-0.2044,-0.006,0.02,Treasury Bond,8834.93,2.91,0.1
FSEC,0.0624,Fidelity Investment Grade Securitized ETF,4458399744.0,0.0444,0.3928,-0.0252,0.05,Investment Grade Bond,241953.93,3.86,0.36
CRDT,0.2021,Simplify Opportunistic Income ETF,36798712.0,0.0637,-0.3679,-0.0718,0.1,Multi Alternative,6092.6,4.0,0.99
TFJL,0.0184,Innovator 20+ Year Treasury Bond 5 Floor ETF - July,7275166.0,0.0,-0.6676,-0.085,0.08,Long Term Government Bond,2963.8,3.49,0.79
HYTR,0.1558,Counterpoint High Yield Trend ETF,270789760.0,0.0575,0.2442,-0.0228,0.04,High Yield Bond,57013.57,6.83,0.88
FPFD,0.1504,Fidelity Preferred Securities & Income ETF,83017904.0,0.0515,0.5083,-0.0275,0.03,Preferred Stock,14488.87,6.1,0.59
TRSY,-0.0038,Xtrackers US 0-1 Year Treasury ETF,71250768.0,0.0372,-0.2208,-0.0007,0.0,Ultra Short-Low Risk,33309.97,3.03,0.06
CVRT,1.0148,Calamos Convertible Equity Alternative ETF,28583778.0,0.0145,3.3067,-0.086,0.23,Equity,9357.8,2.38,0.69
BNDD,0.0247,Quadratic Deflation ETF,6458459.0,0.0353,0.1101,-0.0609,0.11,Multi Alternative,14299.37,3.5,1.02
JOJO,0.1589,ATAC Credit Rotation ETF,5873443.0,0.0513,0.7401,-0.0493,0.07,Investment Grade Bond,4862.33,6.64,1.24
BSCV,0.1376,Invesco BulletShares 2031 Corporate Bond ETF,1708623744.0,0.0471,-0.0284,-0.0247,0.03,Intermediate Term Mid Quality,559224.9,3.71,0.1
BSMV,0.0574,Invesco BulletShares 2031 Municipal Bond ETF,183974688.0,0.029,0.3779,-0.0279,0.02,Intermediate Term Bond,40938.27,4.84,0.18
BSJT,0.3178,Invesco BulletShares 2029 High Yield Corporate Bond ETF,525268160.0,0.0678,0.4271,-0.0248,0.04,Short Term High Yield Bond,167708.63,6.6,0.42
REC,0.0847,Emles Real Estate Credit ETF,4064161.0,0.0,-3.6014,-0.1944,0.06,Real Estate,5775.0,3.65,0.48
TBJL,0.0435,Innovator 20+ Year Treasury Bond 9 Buffer ETF - July,22795144.0,0.0,-0.7987,-0.0446,0.06,Long Term Government Bond,17680.13,3.49,0.79
GGOV,0.0368,iShares Global Government Bond USD Hedged Active ETF,44040324.0,0.0323,-0.1662,-0.0154,0.04,Intermediate Term Government Bond,2090230.3,3.01,0.39
FLUD,0.0011,Franklin Ultra Short Bond ETF,395215104.0,0.0426,0.289,-0.0044,0.02,Ultra Short-Low Risk,256781.03,4.57,0.15
IBTK,0.0261,iShares iBonds Dec 2030 Term Treasury ETF,875083008.0,0.0381,-0.4951,-0.0231,0.03,Intermediate Term Government Bond,219132.4,3.29,0.07
UBND,0.07,VictoryShares Core Plus Intermediate Bond ETF,1891670016.0,0.0482,0.2158,-0.0261,0.03,Investment Grade Bond,268820.3,5.04,0.4
IBTL,0.0337,iShares iBonds Dec 2031 Term Treasury ETF,562116608.0,0.0398,-0.3827,-0.0283,0.04,Intermediate Term Government Bond,164874.77,3.12,0.07
RISR,-0.0425,FolioBeyond Alternative Income and Interest Rate Hedge ETF,250588960.0,0.0592,0.1566,-0.0261,0.05,Multi Alternative,108617.03,3.6,1.04
MINN,0.0515,Mairs & Power Minnesota Municipal Bond ETF,46698664.0,0.0299,0.6858,-0.0282,0.04,Investment Grade Bond,7118.0,4.55,0.25
TYA,0.0907,Simplify Intermediate Term Treasury Futures Strategy ETF,72208584.0,0.0389,-0.3505,-0.118,0.13,Intermediate Term Government Bond,81369.5,5.5,0.25
DFIP,0.0724,Dimensional Inflation-Protected Securities ETF,1109187712.0,0.0391,-0.1261,-0.0206,0.04,Treasury Bond,89352.5,0.93,0.11
DFNM,0.0208,Dimensional National Municipal Bond ETF,2136355712.0,0.0289,0.712,-0.0184,0.02,Investment Grade Bond,167111.27,4.78,0.17
DFSD,0.0442,Dimensional Short-Duration Fixed Income ETF,6786203648.0,0.0398,-0.1004,-0.0147,0.02,Short Term High Quality,478669.87,3.98,0.16
AHYB,0.2971,American Century  Select High Yield ETF,60311648.0,0.0599,0.601,-0.0241,0.03,High Yield Bond,2274.1,6.31,0.45
FSIG,0.0483,First Trust Limited Duration Investment Grade Corporate ETF,1543949952.0,0.0484,-0.0888,-0.0155,0.02,Short Term High Quality,288956.6,4.77,0.44
PTRB,0.0892,PGIM Total Return Bond ETF,987404288.0,0.0474,0.2029,-0.029,0.04,Investment Grade Bond,179263.57,4.51,0.49
JHPI,0.2067,John Hancock Preferred Income ETF,197223312.0,0.058,0.985,-0.0307,0.03,Preferred Stock,54887.8,6.92,0.54
FCSH,0.0465,Federated Hermes Short Duration Corporate ETF,64966872.0,0.0409,-0.2453,-0.0124,0.02,Short Term High Quality,1650.63,4.79,0.3
FHYS,0.2094,Federated Hermes Short Duration High Yield ETF,51229952.0,0.0575,0.7232,-0.0166,0.03,Short Term High Yield Bond,15182.13,6.16,0.5
MMCA,0.0447,NYLI MacKay California Muni Intermediate ETF,87851552.0,0.0328,0.8444,-0.0301,0.03,Intermediate Term Bond,30940.7,4.51,0.36
DFCF,0.0976,Dimensional Core Fixed Income ETF,10637103104.0,0.0431,0.1992,-0.0279,0.04,Investment Grade Bond,1077697.87,4.47,0.17
KDRN,0.0884,Kingsbarn Tactical Bond ETF,1168386.0,0.0311,-0.1091,-0.0177,0.03,Multi Alternative,100.0,5.11,0.62
JBBB,0.0811,Janus Henderson B-BBB CLO ETF,1196930176.0,0.067,0.2373,-0.0246,0.04,Short Term Low Quality,276173.43,6.6,0.47
HYRM,0.3269,Xtrackers Risk Managed USD High Yield Strategy ETF,4074928.0,0.0646,0.911,-0.0253,0.04,High Yield Bond,66289.93,6.64,0.3
AGGH,0.0463,Simplify Aggregate Bond ETF,493820288.0,0.0753,0.4585,-0.031,0.07,Investment Grade Bond,153238.9,3.73,0.3
HYBL,0.1969,State Street Blackstone High Income ETF,563349248.0,0.0711,0.7241,-0.0241,0.03,Investment Grade Bond,106566.6,6.0,0.7
CDX,0.3607,Simplify High Yield ETF,406852064.0,0.0829,-0.8948,-0.0418,0.06,High Yield Bond,166851.53,3.5,0.25
FSYD,0.3408,Fidelity Sustainable High Yield ETF,125353600.0,0.0631,1.3444,-0.0267,0.04,High Yield Bond,27784.17,6.12,0.55
GEMD,0.3172,Goldman Sachs Access Emerging Markets USD Bond ETF,33885128.0,0.0565,1.2522,-0.0464,0.06,Intermediate Term Low Quality,3427.33,5.62,0.3
XHYC,0.2677,BondBloxx USD High Yield Bond Consumer Cyclicals Sector ETF,4634973.0,0.0628,0.7555,-0.0159,0.03,High Yield Bond,2814.17,6.41,0.35
XHYH,0.3306,BondBloxx USD High Yield Bond Healthcare Sector ETF,9780207.0,0.0657,0.8423,-0.0262,0.04,High Yield Bond,3285.03,6.52,0.35
XHYT,0.3111,"BondBloxx USD High Yield Bond Telecom, Media & Technology Sector ETF",17042160.0,0.072,0.2863,-0.0247,0.04,High Yield Bond,6029.93,6.75,0.35
CGCP,0.1213, Capital Group Core Plus Income ETF,7866884608.0,0.0516,0.2229,-0.0259,0.04,Investment Grade Bond,1564639.83,4.92,0.34
XHYD,0.2517,BondBloxx USD High Yield Bond Consumer Non-Cyclicals Sector ETF,17189004.0,0.0531,0.3741,-0.0226,0.04,High Yield Bond,4062.97,6.01,0.35
HISF,0.1304,First Trust High Income Strategic Focus ETF,95532416.0,0.05,0.2603,-0.029,0.03,Multi Alternative,8456.53,4.0,0.83
IBHH,0.2868,iShares iBonds 2028 Term High Yield and Income ETF,445791904.0,0.0625,0.6832,-0.0122,0.03,Short Term High Yield Bond,127198.63,5.83,0.35
IBHI,0.3217,iShares iBonds 2029 Term High Yield and Income ETF,442738528.0,0.0667,0.7009,-0.0211,0.04,Short Term High Yield Bond,130006.5,6.5,0.35
XHYE,0.2956,BondBloxx USD High Yield Bond Energy Sector ETF,8951342.0,0.0579,1.6356,-0.0121,0.03,High Yield Bond,3900.43,7.15,0.35
XHYF,0.2621,BondBloxx USD High Yield Bond Financial & REIT Sector ETF,10267534.0,0.0627,0.246,-0.0319,0.04,High Yield Bond,3517.0,6.8,0.35
XHYI,0.2626,BondBloxx USD High Yield Bond Industrial Sector ETF,15106354.0,0.0608,0.3968,-0.0282,0.04,High Yield Bond,6137.2,6.66,0.35
OACP,0.091,OneAscent Core Plus Bond ETF,263156704.0,0.0437,0.182,-0.0259,0.04,Investment Grade Bond,50285.07,4.77,0.67
DBND,0.0485,DoubleLine Opportunistic Core Bond ETF,730729664.0,0.0478,-0.0685,-0.0284,0.03,Investment Grade Bond,69818.57,3.87,0.45
LQIG,0.1715,State Street SPDR MarketAxess Investment Grade 400 Corporate Bond ETF,28312672.0,0.0506,0.4295,-0.0324,0.05,Investment Grade Bond,407.93,4.69,0.07
MNBD,0.0415,ALPS Intermediate Municipal Bond ETF,55785908.0,0.0332,0.9109,-0.0238,0.02,Intermediate Term Bond,7556.0,4.57,0.44
PFRL,0.1064,PGIM Floating Rate Income ETF,116175984.0,0.0681,1.2423,-0.0125,0.02,Short Term Low Quality,12274.87,6.46,0.72
XB,0.3243,BondBloxx B-Rated USD High Yield Corporate Bond ETF,45226636.0,0.0704,0.7568,-0.0216,0.04,High Yield Bond,18859.43,7.55,0.3
XBB,0.2902,BondBloxx BB-Rated USD High Yield Corporate Bond ETF,460606144.0,0.0554,0.5158,-0.028,0.04,High Yield Bond,323737.13,6.05,0.2
XCCC,0.3938,BondBloxx CCC-Rated USD High Yield Corporate Bond ETF,314062560.0,0.0999,0.3196,-0.0512,0.05,High Yield Bond,420371.43,7.64,0.4
LONZ,0.1042,PIMCO Senior Loan Active Exchange-Traded Fund,534718016.0,0.0813,0.5988,-0.0203,0.02,Short Term Low Quality,167573.83,6.64,0.63
JCPI,0.065,JPMorgan Inflation Managed Bond ETF,845145856.0,0.0397,-0.0494,-0.016,0.03,Investment Grade Bond,43863.4,3.23,0.25
MBNE,0.0557,State Street Nuveen Municipal Bond ESG ETF,8746540.0,0.0346,0.2406,-0.0198,0.03,Investment Grade Bond,1743.0,4.98,0.43
CLOI,0.0379,VanEck CLO ETF,1340150144.0,0.0533,1.3399,-0.0062,0.01,Short Term Low Quality,139552.37,5.3,0.36
AGRH,0.0374,iShares Interest Rate Hedged U.S. Aggregate Bond ETF,5259457.0,0.0418,1.5581,-0.0067,0.01,Investment Grade Bond,1267.03,6.0,0.13
CPII,0.0091,American Beacon Ionic Inflation Protection ETF,11614438.0,0.0411,-0.1596,-0.0162,0.03,Treasury Bond,2340.0,0.83,0.7
IBDX,0.1666,iShares iBonds Dec 2032 Term Corporate ETF,1669201792.0,0.0484,0.2804,-0.0276,0.04,Intermediate Term Mid Quality,239242.53,4.33,0.1
XEMD,0.2493,BondBloxx JP Morgan USD Emerging Markets 1-10 Year Bond ETF,924847232.0,0.0581,1.6009,-0.0352,0.05,Intermediate Term Low Quality,159480.77,5.63,0.29
IRVH,0.074,Global X Interest Rate Volatility & Inflation Hedge ETF,1374769.0,0.056,-1.1898,-0.0582,0.05,Multi Alternative,320.0,1.39,0.45
IBTM,0.0483,iShares iBonds Dec 2032 Term Treasury ETF,540974976.0,0.0396,-0.2915,-0.0326,0.04,Intermediate Term Government Bond,123398.53,3.53,0.07
SIO,0.1139,Touchstone Strategic Income ETF,259547280.0,0.0692,0.3459,-0.0262,0.04,Multi Alternative,21962.93,4.77,0.5
TUSI,0.0022,Touchstone Ultra Short Income ETF,497140544.0,0.0457,0.523,-0.0024,0.01,Ultra Short-Low Risk,263182.93,4.71,0.25
UTWO,-0.001,US Treasury 2 Year Note ETF,438513888.0,0.035,-0.9755,-0.009,0.01,Short Term Government Bond,69293.57,3.75,0.15
TBIL,0.0005,US Treasury 3 Month Bill ETF,7095121920.0,0.0382,-0.2651,-0.0002,0.0,Money Market,1828811.87,0.13,0.15
UTEN,0.0606,US Treasury 10 Year Note ETF,286385536.0,0.0405,-0.1419,-0.0457,0.05,Intermediate Term Government Bond,34198.03,4.38,0.15
HYGW,0.1964,iShares High Yield Corporate Bond BuyWrite Strategy ETF,108675232.0,0.115,0.9355,-0.0182,0.03,High Yield Bond,27607.53,3.5,0.69
LQDW,0.1379,iShares Investment Grade Corporate Bond BuyWrite Strategy ETF,271993536.0,0.1252,0.6677,-0.0259,0.04,Investment Grade Bond,52888.13,6.0,0.34
TLTW,0.1336,iShares 20+ Year Treasury Bond BuyWrite Strategy ETF,1972671872.0,0.1164,0.6836,-0.0597,0.08,Long Term Government Bond,1576075.53,15.86,0.35
CSHI,0.0416,NEOS Enhanced Income 1-3 Month T-Bill ETF,1277623296.0,0.0531,1.3116,-0.0021,0.01,Money Market,638919.77,0.17,0.38
BNDI,0.1342,NEOS Enhanced Income Aggregate Bond ETF,171560160.0,0.063,0.535,-0.0275,0.04,Investment Grade Bond,35104.2,3.82,0.58
BSCW,0.1516,Invesco BulletShares 2032 Corporate Bond ETF,1435356160.0,0.0486,0.112,-0.028,0.04,Intermediate Term Mid Quality,401833.87,4.34,0.1
BSJU,0.344,Invesco BulletShares 2030 High Yield Corporate Bond ETF,275882976.0,0.0665,0.5193,-0.0253,0.04,Short Term High Yield Bond,65305.67,7.09,0.42
TAFI,0.0187,AB Tax-Aware Short Duration Municipal ETF,1259206272.0,0.0314,-0.2525,-0.0121,0.01,Short Term Bond,565474.87,4.69,0.27
YEAR,0.0054,AB Ultra Short Income ETF,1470660736.0,0.0414,-0.5517,-0.0023,0.01,Ultra Short-Low Risk,133578.13,4.0,0.25
XFIV,0.0269,BondBloxx Bloomberg Five Year Target Duration US Treasury ETF,423816768.0,0.0382,-0.4066,-0.029,0.03,Intermediate Term Government Bond,95436.33,3.24,0.05
XHLF,-0.0021,BondBloxx Bloomberg Six Month Target Duration US Treasury ETF,1925932544.0,0.0385,-0.584,-0.0004,0.0,Ultra Short-Low Risk,349721.33,0.38,0.03
XSVN,0.0422,BondBloxx Bloomberg Seven Year Target Duration US Treasury ETF,354318560.0,0.041,-0.1862,-0.0401,0.05,Intermediate Term Government Bond,74689.27,4.03,0.05
XTEN,0.0614,BondBloxx Bloomberg Ten Year Target Duration US Treasury ETF,1005680704.0,0.0438,-0.0249,-0.0542,0.06,Intermediate Term Government Bond,305775.8,3.72,0.08
XTRE,0.0005,BondBloxx Bloomberg Three Year Target Duration US Treasury ETF,181030352.0,0.0401,-0.6724,-0.0153,0.02,Short Term Government Bond,53657.3,3.33,0.05
XTWO,-0.0008,BondBloxx Bloomberg Two Year Target Duration US Treasury ETF,172753952.0,0.0405,-0.7916,-0.0091,0.01,Short Term Government Bond,21300.7,3.01,0.05
XTWY,0.1297,BondBloxx Bloomberg Twenty Year Target Duration US Treasury ETF,254881872.0,0.0464,0.0386,-0.0948,0.11,Long Term Government Bond,68130.57,2.12,0.13
XONE,-0.004,BondBloxx Bloomberg One Year Target Duration US Treasury ETF,754552832.0,0.0406,-0.7449,-0.0016,0.01,Ultra Short-Low Risk,96110.07,3.11,0.03
SDSI,0.0366,American Century Short Duration Strategic Income ETF,218372928.0,0.0443,0.268,-0.0117,0.02,Multi Alternative,24444.33,5.07,0.32
CGMU,0.0443,Capital Group Municipal Income ETF,6106330112.0,0.0332,1.0622,-0.0255,0.02,Investment Grade Bond,1132634.37,4.66,0.27
OBIL,-0.0056,US Treasury 12 Month Bill ETF,317774944.0,0.0365,-0.7309,-0.0015,0.01,Money Market,39871.83,0.5,0.15
DFSB,0.074,Dimensional Global Sustainability Fixed Income ETF,701948544.0,0.036,0.0103,-0.0304,0.04,Investment Grade Bond,43274.07,3.71,0.24
HIYS,0.1485,Invesco High Yield Select ETF,7933565.0,,0.8172,-0.0229,0.03,High Yield Bond,3420.77,6.62,0.48
ICLO,0.044,Invesco AAA CLO Floating Rate Note ETF,466414688.0,0.0513,0.7507,-0.0047,0.01,Ultra Short-Low Risk,125573.63,4.82,0.19
BOXX,0.0006,Alpha Architect 1-3 Month Box ETF,12138640384.0,0.0,0.0944,-0.0007,0.0,Money Market,2382893.63,0.17,0.19
CLOA,0.0243,iShares AAA CLO Active ETF,2153089536.0,0.0495,1.8253,-0.0018,0.01,Ultra Short-Low Risk,415372.87,4.97,0.2
CLOZ,0.1088,Eldridge BBB-B CLO ETF,668143424.0,0.0741,0.4273,-0.039,0.03,Short Term Low Quality,282396.4,7.73,0.5
BBAG,0.0672,JPMorgan BetaBuilders U.S. Aggregate Bond ETF,1114140800.0,0.0436,0.0841,-0.0278,0.04,Investment Grade Bond,161505.77,3.65,0.03
BBCB,0.1469,JPMorgan BetaBuilders USD Investment Grade Corporate Bond ETF,45394052.0,0.0503,0.2605,-0.0295,0.04,Investment Grade Bond,4052.4,4.29,0.04
BBHY,0.3185,JPMorgan BetaBuilders USD High Yield Corporate Bond ETF,608955008.0,0.0693,0.7065,-0.0237,0.04,High Yield Bond,64581.87,6.58,0.07
CVSB,0.0014,Calvert Ultra-Short Investment Grade ETF,204998672.0,0.0437,0.421,-0.0023,0.01,Ultra Short-Low Risk,15398.63,4.13,0.24
XBIL,-0.0017,US Treasury 6 Month Bill ETF,741946432.0,0.0376,-0.5324,-0.0006,0.0,Money Market,103908.53,0.25,0.15
GMUN,0.0466,Goldman Sachs Access Municipal Bond ETF,9971144.0,0.0312,0.402,-0.0281,0.02,Investment Grade Bond,1756.03,6.0,0.08
VTES,0.0076,Vanguard Short-Term Tax Exempt Bond ETF,1995635840.0,0.0275,-0.5772,-0.0147,0.01,Short Term Bond,167328.37,2.5,0.05
UFIV,0.0026,US Treasury 5 Year Note ETF,29520480.0,0.0358,-0.603,-0.0271,0.03,Intermediate Term Government Bond,5599.17,3.88,0.15
FXED,0.2907,Sound Enhanced Fixed Income ETF,39921504.0,0.0715,0.0492,-0.0536,0.07,Investment Grade Bond,10767.17,5.69,1.89
BBIB,0.0036,JPMorgan BetaBuilders U.S. Treasury Bond 3-10 Year ETF,45996924.0,0.0392,-0.3855,-0.028,0.03,Intermediate Term Government Bond,8534.57,3.42,0.04
BBLB,0.111,JPMorgan BetaBuilders U.S. Treasury Bond 20+ Year ETF,31422444.0,0.0492,0.1324,-0.0753,0.09,Long Term Government Bond,636.67,3.47,0.04
BBSB,-0.0103,JPMorgan BetaBuilders U.S. Treasury Bond 1-3 Year ETF,45055360.0,0.0381,-0.8435,-0.0086,0.01,Short Term Government Bond,7012.47,3.06,0.04
HYFI,0.2219,AB High Yield ETF,341045440.0,0.0663,0.8463,-0.0249,0.04,High Yield Bond,33158.77,6.55,0.4
BINC,0.0982,iShares Flexible Income Active ETF,16837871616.0,0.0584,0.6634,-0.0269,0.02,Multi Alternative,3202801.07,5.38,0.4
PYLD,0.0847,PIMCO Multisector Bond Active Exchange-Traded Fund,13692821504.0,0.0628,0.8734,-0.0325,0.03,Multi Alternative,4128780.7,4.89,0.64
SCYB,0.2443,Schwab High Yield Bond ETF,2536398336.0,0.0692,0.6794,-0.0244,0.04,High Yield Bond,1267309.93,6.58,0.03
CLOX,0.0502,Eldridge AAA CLO ETF,283930624.0,0.0496,0.9824,-0.0066,0.01,Ultra Short-Low Risk,175930.2,4.96,0.2
VETZ,0.06,Academy Veteran Bond ETF,113410192.0,0.0614,0.449,-0.0273,0.05,Investment Grade Bond,16108.47,3.77,0.35
GOVI,0.042,Invesco Equal Weight 0-30 Year Treasury ETF,1184560640.0,0.0383,-0.1291,-0.0544,0.06,Long Term Government Bond,364774.07,3.65,0.15
TBLL,-0.0007,Invesco Short Term Treasury ETF,2517748480.0,0.0382,-1.207,-0.0028,0.0,Short Term Government Bond,286860.7,2.79,0.08
HYSA,0.2243,BondBloxx USD High Yield Bond Sector Rotation ETF,31046430.0,0.0675,0.4071,-0.0315,0.05,High Yield Bond,67003.83,3.5,0.55
VSHY,0.173,Virtus Newfleet Short Duration High Yield Bond ETF,30535012.0,0.0583,0.5307,-0.0173,0.04,Short Term High Yield Bond,3017.87,6.76,0.39
SMTH,0.0604,ALPS | Smith Core Plus Bond ETF,2749217792.0,0.0439,0.2773,-0.0274,0.04,Investment Grade Bond,451695.93,4.88,0.59
CPLS,0.0733,AB Core Plus Bond ETF,214710448.0,0.0461,0.0813,-0.0248,0.04,Investment Grade Bond,13511.8,4.57,0.3
EYEG,0.1026,AB Corporate Bond ETF,26543620.0,0.0493,0.2071,-0.0284,0.04,Investment Grade Bond,256.9,6.0,0.3
TAFL,0.0502,AB Tax-Aware Long Municipal ETF,57715928.0,0.0408,0.9839,-0.0276,0.04,Long Term Bond,20365.6,4.81,0.28
TAFM,0.0045,AB Tax-Aware Intermediate Municipal ETF,612296832.0,0.0363,1.0168,-0.0269,0.03,Intermediate Term Bond,230835.4,4.79,0.28
ZTEN,0.1258,F/M 10-Year Investment Grade Corporate Bond Etf,30306576.0,0.0508,0.355,-0.0332,0.05,Investment Grade Bond,2593.9,5.27,0.15
ZTWO,0.0218,F/M 2-Year Investment Grade Corporate Bond Etf,18146600.0,0.0412,-0.2926,-0.0093,0.01,Investment Grade Bond,1547.63,4.41,0.15
BBBI,0.1059,BondBloxx BBB Rated 5-10 Year Corporate Bond ETF,167776416.0,0.048,0.3303,-0.0294,0.04,Intermediate Term Mid Quality,20341.23,5.18,0.19
BBBL,0.2428,BondBloxx BBB Rated 10+ Year Corporate Bond ETF,4817996.0,0.0572,0.3382,-0.0545,0.08,Long Term Mid Quality,876.2,5.1,0.19
BBBS,0.038,BondBloxx BBB Rated 1-5 Year Corporate Bond ETF,176478992.0,0.0458,0.0374,-0.0145,0.02,Intermediate Term Mid Quality,48594.9,4.46,0.19
DCRE,-0.003,DoubleLine Commercial Real Estate ETF,450971520.0,0.0474,0.3845,-0.0068,0.01,Real Estate,49054.5,,0.39
JLQD,0.1243,Janus Henderson Corporate Bond ETF,14437534.0,0.0543,0.3759,-0.0287,0.04,Investment Grade Bond,517.83,5.43,0.2
SYFI,0.1973,AB Short Duration High Yield ETF,899002752.0,0.0611,0.6604,-0.0194,0.03,Short Term High Yield Bond,125061.1,6.17,0.4
SDFI,0.0169,AB Short Duration Income ETF,174093616.0,0.0461,-0.0307,-0.012,0.02,Short Term Bond,21907.13,4.44,0.3
BMDL,-0.0258,VictoryShares WestEnd Economic Cycle Bond ETF,113366000.0,0.0396,0.5748,-0.0255,0.05,Multi Alternative,27.03,3.69,0.4
FLXR,0.0349,TCW Flexible Income ETF,3210198784.0,0.0581,0.554,-0.0146,0.02,Multi Alternative,475372.2,5.33,0.4
CGHM,0.0045,Capital Group Municipal High-Income ETF,3067049472.0,0.0379,1.6042,-0.0255,0.03,Investment Grade Bond,441878.6,4.78,0.34
MMKT,0.0011,Texas Capital Government Money Market ETF,75152944.0,0.0372,-0.905,-0.0002,0.0,Money Market,8927.7,0.1,0.2
EDGF,0.0021,3EDGE Dynamic Fixed Income ETF,467770912.0,0.0346,-0.6312,-0.0064,0.02,Investment Grade Bond,81577.5,2.59,0.79
HYBI,0.2393,NEOS Enhanced Income Credit Select ETF,225892336.0,0.0908,0.8152,-0.0143,0.03,Investment Grade Bond,34898.43,6.66,0.68
TLTP,0.0642,Amplify TLT U.S. Treasury 12% Option Income ETF,21505628.0,0.1307,0.1785,-0.0576,0.07,Intermediate Term Government Bond,31885.17,3.68,0.39
TLTI,0.1367,NEOS Enhanced Income 20+ Year Treasury Bond ETF,15416230.0,0.0678,0.2019,-0.066,0.09,Long Term Government Bond,10891.43,4.13,0.58
HIMU,-0.0264,iShares High Yield Muni Active ETF,2251360768.0,0.0512,0.7226,-0.0329,0.04,High Yield Bond,403209.83,5.45,0.39
RBIL,-0.016,F/m Ultrashort Treasury Inflation-Protected Security (TIPS) ETF,112496216.0,0.0439,0.1091,-0.0052,0.01,Ultra Short-Low Risk,54920.57,0.4,0.17
PRIV,0.0522,SPDR SSGA IG Public & Private Credit ETF,852806720.0,0.046,0.2975,-0.0254,0.04,Investment Grade Bond,47890.93,5.17,0.55
BMAX,0.8972,REX Bitcoin Corporate Treasury Convertible Bond ETF,5879346.0,0.0,-0.5705,-0.3132,0.25,Cryptocurrency,705.6,,1.14
VCRM,0.0259,Vanguard Core Tax-Exempt Bond ETF,1632155648.0,0.0363,1.2244,-0.0272,0.03,Investment Grade Bond,228183.43,4.79,0.12
VSDM,0.0098,Vanguard Short Duration Tax-Exempt Bond ETF,679297664.0,0.031,0.3806,-0.0146,0.01,Short Term Bond,115340.83,2.5,0.12
ZTOP,0.1962,F/m High Yield 100 ETF,16594942.0,0.0627,0.6001,-0.0252,0.03,High Yield Bond,1033.33,7.64,0.39
ACVT,0.3337,Advent Convertible Bond ETF,32273824.0,0.0165,1.0265,-0.0481,0.06,Equity,1000.0,1.68,0.65
RCLO,0.0322,Reckoner BBB-B CLO ETF,,0.0414,0.4994,-0.037,0.03,Short Term Low Quality,8395.53,0.2,
